session_44149ba8-9eb4-493c-a84a-4b88561b2b59,C:/Users/91789/Downloads/DRHP-Classic-Electrodes-India-Limited.pdf
session_46208d20-3409-44f2-9184-d9e87f5412a8,C:/Users/91789/Downloads/https_www.vgipl.com_documents_VirtualGalaxy-DRHP-29-10-2024.pdf
session_c89c97a5-5970-444f-8aa8-1e016eba647b,C:/Users/91789/Downloads/DRHP_Monarch_28.09.2024_20240928220829.pdf
session_c89c97a5-5970-444f-8aa8-1e016eba647a,C:/Users/91789/Downloads/DRHP_Solarium_20240911234442.pdf
session_5f4dd9d1-7eac-43fe-98e5-cfbb309b82ef,C:/Users/91789/Downloads/Registration_31032025193330_DRHP.pdf
session_302f83c9-391f-441b-a9f0-6c0337bc299d,C:/Users/91789/Downloads/DRHP-vandana-foods.pdf
session_3c06be18-d6a8-417c-81c9-16971adfe652,C:/Users/91789/Downloads/DRHP_Integrum_BSE SME_28.09.2024_20240928221548.pdf
session_302f83c9-391f-441b-a9f0-6c0337bc299a,C:/Users/91789/Downloads/Registration_19122024192911_DP_AXIOM.pdf
session_302f83c9-391f-441b-a9f0-6c0337bc290a,C:/Users/91789/Downloads/DRHPInfinity_20241029154935.pdf
session_302f83c9-391f-441b-a9f0-6c0320bc299a,C:/Users/91789/Downloads/CURRENT-INFRAPROJECTS-LIMITED.pdf
session_302f83c9-391f-441b-a9f0-6c0337bc209a,C:/Users/91789/Downloads/aartic_05022025122619_Influx_DRHP.pdf
session_302f83c9-391f-441b-a9f0-6c0337bc229a,C:/Users/91789/Downloads/GEOSYS-INDIA-INFRASTRUCTURES-LIMITED.pdf
session_302f83c9-391f-441b-a9f0-6c0337bc249a,C:/Users/91789/Downloads/INFINITY-INFOWAY-LIMITED.pdf
session_e6a1cb43-16d1-48c4-a6b5-c430e5206fca,C:/Users/91789/Downloads/Meta-infotech.pdf
session_949b1232-4670-4929-b4ea-c98eab7b83ef,C:/Users/91789/Downloads/DRHP-Shri-Hare-krishna.pdf
session_bebe29b6-ca92-458f-8c54-07af108504b9,C:/Users/91789/Downloads/DRHPChemkartIndiaLimited_20250321181159.pdf
